-- MySQL dump 10.15  Distrib 10.0.19-MariaDB, for Linux (x86_64)
--
-- Host: 127.0.0.1    Database: lal
-- ------------------------------------------------------
-- Server version	10.0.19-MariaDB-log

/*!40101 SET @OLD_CHARACTER_SET_CLIENT=@@CHARACTER_SET_CLIENT */;
/*!40101 SET @OLD_CHARACTER_SET_RESULTS=@@CHARACTER_SET_RESULTS */;
/*!40101 SET @OLD_COLLATION_CONNECTION=@@COLLATION_CONNECTION */;
/*!40101 SET NAMES utf8 */;
/*!40103 SET @OLD_TIME_ZONE=@@TIME_ZONE */;
/*!40103 SET TIME_ZONE='+00:00' */;
/*!40014 SET @OLD_UNIQUE_CHECKS=@@UNIQUE_CHECKS, UNIQUE_CHECKS=0 */;
/*!40014 SET @OLD_FOREIGN_KEY_CHECKS=@@FOREIGN_KEY_CHECKS, FOREIGN_KEY_CHECKS=0 */;
/*!40101 SET @OLD_SQL_MODE=@@SQL_MODE, SQL_MODE='NO_AUTO_VALUE_ON_ZERO' */;
/*!40111 SET @OLD_SQL_NOTES=@@SQL_NOTES, SQL_NOTES=0 */;



--
-- Table structure for table `approve_log`
--

DROP TABLE IF EXISTS `approve_log`;
/*!40101 SET @saved_cs_client     = @@character_set_client */;
/*!40101 SET character_set_client = utf8 */;
CREATE TABLE `approve_log` (
  `id` int(11) NOT NULL AUTO_INCREMENT,
  `workflow_id` int(11) NOT NULL,
  `status` tinyint(4) NOT NULL,
  `description` varchar(100) DEFAULT NULL COMMENT '拒绝理由',
  `user_code` varchar(20) NOT NULL,
  `user_name` varchar(20) NOT NULL,
  `flow_node` int(11) NOT NULL,
  `create_time` timestamp NOT NULL DEFAULT CURRENT_TIMESTAMP ON UPDATE CURRENT_TIMESTAMP,
  PRIMARY KEY (`id`)
) ENGINE=InnoDB AUTO_INCREMENT=9 DEFAULT CHARSET=utf8 COMMENT='审批日志';
/*!40101 SET character_set_client = @saved_cs_client */;

--
-- Dumping data for table `approve_log`
--

LOCK TABLES `approve_log` WRITE;
/*!40000 ALTER TABLE `approve_log` DISABLE KEYS */;
INSERT INTO `approve_log` VALUES (1,5,0,NULL,'vz110','陈海龙',5,'2015-07-16 02:53:16'),(2,5,0,NULL,'12345','12345',6,'2015-07-16 02:55:07'),(3,5,0,NULL,'v9','37740048@qq.com',7,'2015-07-16 02:56:16'),(4,5,0,NULL,'vz236','CFO',10,'2015-07-16 02:56:43'),(5,5,0,NULL,'vz110','陈海龙',11,'2015-07-16 02:59:31'),(6,6,0,NULL,'vz110','陈海龙',13,'2015-07-16 06:44:57'),(7,6,0,NULL,'12345','12345',14,'2015-07-16 07:02:58'),(8,6,1,NULL,'37740048@qq.com','37740048@qq.com',18,'2015-07-16 07:10:16');
/*!40000 ALTER TABLE `approve_log` ENABLE KEYS */;
UNLOCK TABLES;

--
-- Table structure for table `credit_records`
--

DROP TABLE IF EXISTS `credit_records`;
/*!40101 SET @saved_cs_client     = @@character_set_client */;
/*!40101 SET character_set_client = utf8 */;
CREATE TABLE `credit_records` (
  `id` int(11) NOT NULL AUTO_INCREMENT,
  `bus_type_id` int(2) DEFAULT NULL COMMENT '业务类型ID',
  `tran_code` varchar(50) DEFAULT NULL COMMENT '业务号',
  `amount_before` decimal(18,2) DEFAULT NULL COMMENT '变更前余额',
  `change_amount` decimal(18,2) DEFAULT '0.00' COMMENT '变更金额',
  `amount_after` decimal(18,2) DEFAULT NULL COMMENT '变更后余额',
  `join_mbu_id` int(11) DEFAULT NULL COMMENT '联营商ID',
  `operator_uid` int(11) DEFAULT NULL COMMENT '操作人',
  `status` int(2) DEFAULT NULL COMMENT '状态 0审核中  1失败 2成功 （目前bus_type_id=1时有审核）',
  `type` int(2) DEFAULT NULL COMMENT '1 收入 2支出',
  `remark` mediumtext COMMENT '备注',
  `relation_balance_record_id` int(11) DEFAULT NULL COMMENT '同一业务同时操作两个账户时进行关联(目前bus_type_id=1,2,4)',
  `is_back` tinyint(1) DEFAULT '0' COMMENT ' （借款记录）是否还款 0 未还款  1已还款',
  `back_type` varchar(30) DEFAULT '0' COMMENT '还款方式  1余额 2线下转账',
  `back_sn` varchar(50) DEFAULT NULL COMMENT '还款单号',
  `pid` int(11) DEFAULT '0' COMMENT '（还款记录）绑定借款记录ID',
  `period` varchar(20) DEFAULT NULL COMMENT '账期（预留）',
  `pay_time` datetime DEFAULT NULL COMMENT '支付时间',
  `add_time` datetime DEFAULT NULL COMMENT '创建时间',
  `upt_time` timestamp NULL DEFAULT CURRENT_TIMESTAMP ON UPDATE CURRENT_TIMESTAMP COMMENT '最后更新时间',
  `otherA` varchar(50) DEFAULT NULL COMMENT '预留字段1',
  `otherB` varchar(50) DEFAULT NULL COMMENT '预留字段2',
  `otherC` varchar(50) DEFAULT NULL COMMENT '预留字段3',
  `otherD` varchar(50) DEFAULT NULL COMMENT '预留字段4',
  PRIMARY KEY (`id`)
) ENGINE=InnoDB AUTO_INCREMENT=292 DEFAULT CHARSET=utf8 COMMENT='信用账户交易记录表';
/*!40101 SET character_set_client = @saved_cs_client */;

--
-- Dumping data for table `credit_records`
--

LOCK TABLES `credit_records` WRITE;
/*!40000 ALTER TABLE `credit_records` DISABLE KEYS */;
INSERT INTO `credit_records` VALUES (154,1,'B00002150619001',0.00,2898021.72,2898021.72,1930,9999,2,1,'系统初始化',NULL,0,'0',NULL,0,NULL,'2015-06-19 10:59:35','2015-06-19 10:59:35','2015-06-19 02:59:35',NULL,NULL,NULL,NULL),(155,1,'B00003150619001',0.00,3929486.00,3929486.00,1931,9999,2,1,'系统初始化',NULL,0,'0',NULL,0,NULL,'2015-06-19 10:59:35','2015-06-19 10:59:35','2015-06-19 02:59:35',NULL,NULL,NULL,NULL),(156,1,'B00004150619001',0.00,34088.11,34088.11,1932,9999,2,1,'系统初始化',NULL,0,'0',NULL,0,NULL,'2015-06-19 10:59:35','2015-06-19 10:59:35','2015-06-19 02:59:35',NULL,NULL,NULL,NULL),(157,1,'B00005150619001',0.00,217026.66,217026.66,1933,9999,2,1,'系统初始化',NULL,0,'0',NULL,0,NULL,'2015-06-19 10:59:35','2015-06-19 10:59:35','2015-06-19 02:59:35',NULL,NULL,NULL,NULL),(158,1,'B00007150619001',0.00,57638.59,57638.59,1935,9999,2,1,'系统初始化',NULL,0,'0',NULL,0,NULL,'2015-06-19 10:59:35','2015-06-19 10:59:35','2015-06-19 02:59:35',NULL,NULL,NULL,NULL),(159,1,'B00008150619001',0.00,101563.87,101563.87,1936,9999,2,1,'系统初始化',NULL,0,'0',NULL,0,NULL,'2015-06-19 10:59:35','2015-06-19 10:59:35','2015-06-19 02:59:35',NULL,NULL,NULL,NULL),(160,1,'B00012150619001',0.00,128556.95,128556.95,1940,9999,2,1,'系统初始化',NULL,0,'0',NULL,0,NULL,'2015-06-19 10:59:35','2015-06-19 10:59:35','2015-06-19 02:59:35',NULL,NULL,NULL,NULL),(161,1,'B00015150619001',0.00,829.62,829.62,1943,9999,2,1,'系统初始化',NULL,0,'0',NULL,0,NULL,'2015-06-19 10:59:35','2015-06-19 10:59:35','2015-06-19 02:59:35',NULL,NULL,NULL,NULL),(162,1,'B00016150619001',0.00,134.00,134.00,1944,9999,2,1,'系统初始化',NULL,0,'0',NULL,0,NULL,'2015-06-19 10:59:35','2015-06-19 10:59:35','2015-06-19 02:59:35',NULL,NULL,NULL,NULL),(163,1,'B00022150619001',0.00,3162626.47,3162626.47,1950,9999,2,1,'系统初始化',NULL,0,'0',NULL,0,NULL,'2015-06-19 10:59:35','2015-06-19 10:59:35','2015-06-19 02:59:35',NULL,NULL,NULL,NULL),(164,1,'B00025150619001',0.00,3448554.72,3448554.72,1953,9999,2,1,'系统初始化',NULL,0,'0',NULL,0,NULL,'2015-06-19 10:59:35','2015-06-19 10:59:35','2015-06-19 02:59:35',NULL,NULL,NULL,NULL),(165,1,'B00026150619001',0.00,200666.92,200666.92,1954,9999,2,1,'系统初始化',NULL,0,'0',NULL,0,NULL,'2015-06-19 10:59:35','2015-06-19 10:59:35','2015-06-19 02:59:35',NULL,NULL,NULL,NULL),(166,1,'B00028150619001',0.00,22706.20,22706.20,1956,9999,2,1,'系统初始化',NULL,0,'0',NULL,0,NULL,'2015-06-19 10:59:35','2015-06-19 10:59:35','2015-06-19 02:59:35',NULL,NULL,NULL,NULL),(167,1,'B00030150619001',0.00,870582.58,870582.58,1958,9999,2,1,'系统初始化',NULL,0,'0',NULL,0,NULL,'2015-06-19 10:59:35','2015-06-19 10:59:35','2015-06-19 02:59:35',NULL,NULL,NULL,NULL),(168,1,'B00033150619001',0.00,929482.33,929482.33,1961,9999,2,1,'系统初始化',NULL,0,'0',NULL,0,NULL,'2015-06-19 10:59:35','2015-06-19 10:59:35','2015-06-19 02:59:35',NULL,NULL,NULL,NULL),(169,1,'B00035150619001',0.00,346700.01,346700.01,1963,9999,2,1,'系统初始化',NULL,0,'0',NULL,0,NULL,'2015-06-19 10:59:35','2015-06-19 10:59:35','2015-06-19 02:59:35',NULL,NULL,NULL,NULL),(170,1,'B00036150619001',0.00,9152152.25,9152152.25,1964,9999,2,1,'系统初始化',NULL,0,'0',NULL,0,NULL,'2015-06-19 10:59:35','2015-06-19 10:59:35','2015-06-19 02:59:35',NULL,NULL,NULL,NULL),(171,1,'B00037150619001',0.00,268008.00,268008.00,1965,9999,2,1,'系统初始化',NULL,0,'0',NULL,0,NULL,'2015-06-19 10:59:35','2015-06-19 10:59:35','2015-06-19 02:59:35',NULL,NULL,NULL,NULL),(172,1,'B00039150619001',0.00,53437.62,53437.62,1967,9999,2,1,'系统初始化',NULL,0,'0',NULL,0,NULL,'2015-06-19 10:59:35','2015-06-19 10:59:35','2015-06-19 02:59:35',NULL,NULL,NULL,NULL),(173,1,'B00045150619001',0.00,13889509.45,13889509.45,1973,9999,2,1,'系统初始化',NULL,0,'0',NULL,0,NULL,'2015-06-19 10:59:35','2015-06-19 10:59:35','2015-06-19 02:59:35',NULL,NULL,NULL,NULL),(174,1,'B00046150619001',0.00,8143448.27,8143448.27,1974,9999,2,1,'系统初始化',NULL,0,'0',NULL,0,NULL,'2015-06-19 10:59:35','2015-06-19 10:59:35','2015-06-19 02:59:35',NULL,NULL,NULL,NULL),(175,1,'B00048150619001',0.00,3456344.90,3456344.90,1976,9999,2,1,'系统初始化',NULL,0,'0',NULL,0,NULL,'2015-06-19 10:59:35','2015-06-19 10:59:35','2015-06-19 02:59:35',NULL,NULL,NULL,NULL),(176,1,'B00049150619001',0.00,669649.41,669649.41,1977,9999,2,1,'系统初始化',NULL,0,'0',NULL,0,NULL,'2015-06-19 10:59:35','2015-06-19 10:59:35','2015-06-19 02:59:35',NULL,NULL,NULL,NULL),(177,1,'B00052150619001',0.00,205758.35,205758.35,1980,9999,2,1,'系统初始化',NULL,0,'0',NULL,0,NULL,'2015-06-19 10:59:35','2015-06-19 10:59:35','2015-06-19 02:59:35',NULL,NULL,NULL,NULL),(178,1,'B00002150623101',-2898021.72,31.00,-2897990.72,1930,100000,2,1,'',NULL,0,'0',NULL,0,NULL,'2015-06-23 09:33:36','2015-06-23 09:33:36','2015-06-23 01:33:36',NULL,NULL,NULL,NULL),(179,1,'B00001150623101',0.00,42.00,42.00,1929,1,2,1,'',NULL,1,'0',NULL,0,NULL,'2015-06-23 10:00:45','2015-06-23 10:00:45','2015-06-23 02:00:45',NULL,'陈海龙',NULL,NULL),(180,1,'B00001150623102',42.00,3123.00,3165.00,1929,1,2,1,'',NULL,1,'0',NULL,0,NULL,'2015-06-23 10:01:47','2015-06-23 10:01:47','2015-06-23 02:01:47',NULL,'陈海龙',NULL,NULL),(181,1,'B01981150623101',0.00,1.00,1.00,1992,11778,2,1,'',NULL,0,'0',NULL,0,NULL,'2015-06-23 10:41:48','2015-06-23 10:41:48','2015-06-23 08:15:10',NULL,'测试',NULL,NULL),(182,1,'B00001150623103',3165.00,12312.00,15477.00,1929,1,2,1,'',NULL,1,'0',NULL,0,NULL,'2015-06-23 11:05:48','2015-06-23 11:05:48','2015-06-23 03:05:48',NULL,'陈海龙',NULL,NULL),(183,1,'B00001150623104',15477.00,3213.00,18690.00,1929,1,2,1,'',NULL,0,'0',NULL,0,NULL,'2015-06-23 14:31:28','2015-06-23 14:31:28','2015-06-23 06:31:28',NULL,'陈海龙',NULL,NULL),(184,1,'B01993150623101',0.00,3.00,3.00,1993,1,2,1,'',NULL,1,'0',NULL,0,NULL,'2015-06-23 15:17:53','2015-06-23 15:17:53','2015-06-23 07:17:53',NULL,'陈海龙',NULL,NULL),(185,1,'B01994150623101',0.00,10000000.00,10000000.00,1994,1,2,1,'',NULL,0,'0',NULL,0,NULL,'2015-06-23 16:12:19','2015-06-23 16:12:19','2015-06-23 08:12:19',NULL,'陈海龙',NULL,NULL),(186,3,'B00001150623105',18690.00,-12312.00,6378.00,1929,1,2,2,NULL,22823,1,'0',NULL,182,NULL,'2015-06-23 16:55:25','2015-06-23 16:55:25','2015-06-23 08:55:25',NULL,'压力测试',NULL,NULL),(187,3,'B00001150623105',18690.00,-12312.00,6378.00,1929,1,2,2,NULL,22826,1,'0',NULL,182,NULL,'2015-06-23 16:55:25','2015-06-23 16:55:25','2015-06-23 08:55:25',NULL,'压力测试',NULL,NULL),(188,3,'B00001150623105',18690.00,-12312.00,6378.00,1929,1,2,2,NULL,22825,1,'0',NULL,182,NULL,'2015-06-23 16:55:25','2015-06-23 16:55:25','2015-06-23 08:55:25',NULL,'压力测试',NULL,NULL),(189,3,'B00001150623105',18690.00,-12312.00,6378.00,1929,1,2,2,NULL,22827,1,'0',NULL,182,NULL,'2015-06-23 16:55:25','2015-06-23 16:55:25','2015-06-23 08:55:25',NULL,'压力测试',NULL,NULL),(190,3,'B00001150623105',-18246.00,-12312.00,-30558.00,1929,1,2,2,NULL,22824,1,'0',NULL,182,NULL,'2015-06-23 16:55:25','2015-06-23 16:55:25','2015-06-23 08:55:25',NULL,'压力测试',NULL,NULL),(191,3,'B00001150623105',18690.00,-12312.00,6378.00,1929,1,2,2,NULL,22828,1,'0',NULL,182,NULL,'2015-06-23 16:55:25','2015-06-23 16:55:25','2015-06-23 08:55:25',NULL,'压力测试',NULL,NULL),(192,3,'B00001150623105',-18246.00,-12312.00,-30558.00,1929,1,2,2,NULL,22829,1,'0',NULL,182,NULL,'2015-06-23 16:55:25','2015-06-23 16:55:25','2015-06-23 08:55:25',NULL,'压力测试',NULL,NULL),(193,3,'B00001150623105',-18246.00,-12312.00,-30558.00,1929,1,2,2,NULL,22830,1,'0',NULL,182,NULL,'2015-06-23 16:55:25','2015-06-23 16:55:25','2015-06-23 08:55:25',NULL,'压力测试',NULL,NULL),(194,3,'B00001150623105',18690.00,-12312.00,6378.00,1929,1,2,2,NULL,22831,1,'0',NULL,182,NULL,'2015-06-23 16:55:25','2015-06-23 16:55:25','2015-06-23 08:55:25',NULL,'压力测试',NULL,NULL),(195,3,'B00001150623105',18690.00,-12312.00,6378.00,1929,1,2,2,NULL,22832,1,'0',NULL,182,NULL,'2015-06-23 16:55:25','2015-06-23 16:55:25','2015-06-23 08:55:25',NULL,'压力测试',NULL,NULL),(196,1,'B01981150623102',1.00,111.00,112.00,1992,1,2,1,'',NULL,1,'0',NULL,0,NULL,'2015-06-23 17:08:46','2015-06-23 17:08:46','2015-06-23 09:08:46',NULL,'陈海龙',NULL,NULL),(197,3,'B01981150623103',112.00,-111.00,1.00,1992,11778,2,2,NULL,22835,1,'0',NULL,196,NULL,'2015-06-23 17:36:18','2015-06-23 17:36:18','2015-06-23 09:36:18',NULL,'压力测试',NULL,NULL),(198,3,'B00001150623115',-42870.00,-42.00,-42912.00,1929,1,2,2,NULL,22836,1,'0',NULL,179,NULL,'2015-06-23 18:09:37','2015-06-23 18:09:37','2015-06-23 10:09:37',NULL,'压力测试',NULL,NULL),(199,3,'B00001150623115',-42870.00,-42.00,-42912.00,1929,1,2,2,NULL,22837,1,'0',NULL,179,NULL,'2015-06-23 18:09:37','2015-06-23 18:09:37','2015-06-23 10:09:37',NULL,'压力测试',NULL,NULL),(200,3,'B00001150623115',-42870.00,-42.00,-42912.00,1929,1,2,2,NULL,22839,1,'0',NULL,179,NULL,'2015-06-23 18:09:37','2015-06-23 18:09:37','2015-06-23 10:09:37',NULL,'压力测试',NULL,NULL),(201,3,'B00001150623115',-42870.00,-42.00,-42912.00,1929,1,2,2,NULL,22838,1,'0',NULL,179,NULL,'2015-06-23 18:09:37','2015-06-23 18:09:37','2015-06-23 10:09:37',NULL,'压力测试',NULL,NULL),(202,3,'B00001150623115',-42870.00,-42.00,-42912.00,1929,1,2,2,NULL,22840,1,'0',NULL,179,NULL,'2015-06-23 18:09:37','2015-06-23 18:09:37','2015-06-23 10:09:37',NULL,'压力测试',NULL,NULL),(203,3,'B00001150623115',-42870.00,-42.00,-42912.00,1929,1,2,2,NULL,22842,1,'0',NULL,179,NULL,'2015-06-23 18:09:37','2015-06-23 18:09:37','2015-06-23 10:09:37',NULL,'压力测试',NULL,NULL),(204,3,'B00001150623115',-42870.00,-42.00,-42912.00,1929,1,2,2,NULL,22841,1,'0',NULL,179,NULL,'2015-06-23 18:09:37','2015-06-23 18:09:37','2015-06-23 10:09:37',NULL,'压力测试',NULL,NULL),(205,3,'B00001150623115',-42870.00,-42.00,-42912.00,1929,1,2,2,NULL,22843,1,'0',NULL,179,NULL,'2015-06-23 18:09:37','2015-06-23 18:09:37','2015-06-23 10:09:37',NULL,'压力测试',NULL,NULL),(206,3,'B00001150623115',-42870.00,-42.00,-42912.00,1929,1,2,2,NULL,22848,1,'0',NULL,179,NULL,'2015-06-23 18:09:37','2015-06-23 18:09:37','2015-06-23 10:09:37',NULL,'压力测试',NULL,NULL),(207,3,'B00001150623115',-42870.00,-42.00,-42912.00,1929,1,2,2,NULL,22844,1,'0',NULL,179,NULL,'2015-06-23 18:09:37','2015-06-23 18:09:37','2015-06-23 10:09:37',NULL,'压力测试',NULL,NULL),(208,3,'B00001150623115',-42870.00,-42.00,-42912.00,1929,1,2,2,NULL,22851,1,'0',NULL,179,NULL,'2015-06-23 18:09:37','2015-06-23 18:09:37','2015-06-23 10:09:37',NULL,'压力测试',NULL,NULL),(209,3,'B00001150623115',-42870.00,-42.00,-42912.00,1929,1,2,2,NULL,22850,1,'0',NULL,179,NULL,'2015-06-23 18:09:37','2015-06-23 18:09:37','2015-06-23 10:09:37',NULL,'压力测试',NULL,NULL),(210,3,'B00001150623115',-42870.00,-42.00,-42912.00,1929,1,2,2,NULL,22845,1,'0',NULL,179,NULL,'2015-06-23 18:09:37','2015-06-23 18:09:37','2015-06-23 10:09:37',NULL,'压力测试',NULL,NULL),(211,3,'B00001150623115',-42870.00,-42.00,-42912.00,1929,1,2,2,NULL,22852,1,'0',NULL,179,NULL,'2015-06-23 18:09:37','2015-06-23 18:09:37','2015-06-23 10:09:37',NULL,'压力测试',NULL,NULL),(212,3,'B00001150623115',-42870.00,-42.00,-42912.00,1929,1,2,2,NULL,22847,1,'0',NULL,179,NULL,'2015-06-23 18:09:37','2015-06-23 18:09:37','2015-06-23 10:09:37',NULL,'压力测试',NULL,NULL),(213,3,'B00001150623115',-42870.00,-42.00,-42912.00,1929,1,2,2,NULL,22846,1,'0',NULL,179,NULL,'2015-06-23 18:09:37','2015-06-23 18:09:37','2015-06-23 10:09:37',NULL,'压力测试',NULL,NULL),(214,3,'B00001150623115',-42870.00,-42.00,-42912.00,1929,1,2,2,NULL,22849,1,'0',NULL,179,NULL,'2015-06-23 18:09:37','2015-06-23 18:09:37','2015-06-23 10:09:37',NULL,'压力测试',NULL,NULL),(215,3,'B00001150623115',-42870.00,-42.00,-42912.00,1929,1,2,2,NULL,22853,1,'0',NULL,179,NULL,'2015-06-23 18:09:37','2015-06-23 18:09:37','2015-06-23 10:09:37',NULL,'压力测试',NULL,NULL),(216,3,'B00001150623115',-42870.00,-42.00,-42912.00,1929,1,2,2,NULL,22854,1,'0',NULL,179,NULL,'2015-06-23 18:09:37','2015-06-23 18:09:37','2015-06-23 10:09:37',NULL,'压力测试',NULL,NULL),(217,3,'B00001150623115',-42870.00,-42.00,-42912.00,1929,1,2,2,NULL,22855,1,'0',NULL,179,NULL,'2015-06-23 18:09:37','2015-06-23 18:09:37','2015-06-23 10:09:37',NULL,'压力测试',NULL,NULL),(218,3,'B00001150624101',-43248.00,-3123.00,-46371.00,1929,1,2,2,NULL,22856,1,'0',NULL,180,NULL,'2015-06-24 09:43:01','2015-06-24 09:43:01','2015-06-24 01:43:01',NULL,'压力测试',NULL,NULL),(219,3,'B00001150624101',-43248.00,-3123.00,-46371.00,1929,1,2,2,NULL,22857,1,'0',NULL,180,NULL,'2015-06-24 09:43:01','2015-06-24 09:43:01','2015-06-24 01:43:01',NULL,'压力测试',NULL,NULL),(220,3,'B00001150624101',-43248.00,-3123.00,-46371.00,1929,1,2,2,NULL,22858,1,'0',NULL,180,NULL,'2015-06-24 09:43:01','2015-06-24 09:43:01','2015-06-24 01:43:01',NULL,'压力测试',NULL,NULL),(221,3,'B00001150624101',-43248.00,-3123.00,-46371.00,1929,1,2,2,NULL,22859,1,'0',NULL,180,NULL,'2015-06-24 09:43:01','2015-06-24 09:43:01','2015-06-24 01:43:01',NULL,'压力测试',NULL,NULL),(222,3,'B00001150624101',-43248.00,-3123.00,-46371.00,1929,1,2,2,NULL,22861,1,'0',NULL,180,NULL,'2015-06-24 09:43:01','2015-06-24 09:43:01','2015-06-24 01:43:01',NULL,'压力测试',NULL,NULL),(223,3,'B00001150624101',-46371.00,-3123.00,-49494.00,1929,1,2,2,NULL,22860,1,'0',NULL,180,NULL,'2015-06-24 09:43:01','2015-06-24 09:43:01','2015-06-24 01:43:01',NULL,'压力测试',NULL,NULL),(224,1,'B01981150624101',1.00,111.00,112.00,1992,1,2,1,'11',NULL,1,'0',NULL,0,NULL,'2015-06-24 09:45:19','2015-06-24 09:45:19','2015-06-24 01:45:19',NULL,'陈海龙',NULL,NULL),(225,3,'B01981150624102',112.00,-111.00,1.00,1992,11778,2,2,NULL,22862,1,'0',NULL,224,NULL,'2015-06-24 09:52:53','2015-06-24 09:52:53','2015-06-24 01:52:53',NULL,'压力测试',NULL,NULL),(226,3,'B01981150624102',112.00,-111.00,1.00,1992,11778,2,2,NULL,22863,1,'0',NULL,224,NULL,'2015-06-24 09:52:53','2015-06-24 09:52:53','2015-06-24 01:52:53',NULL,'压力测试',NULL,NULL),(227,3,'B01981150624102',112.00,-111.00,1.00,1992,11778,2,2,NULL,22864,1,'0',NULL,224,NULL,'2015-06-24 09:52:53','2015-06-24 09:52:53','2015-06-24 01:52:53',NULL,'压力测试',NULL,NULL),(228,3,'B01981150624102',112.00,-111.00,1.00,1992,11778,2,2,NULL,22865,1,'0',NULL,224,NULL,'2015-06-24 09:52:53','2015-06-24 09:52:53','2015-06-24 01:52:53',NULL,'压力测试',NULL,NULL),(229,3,'B01981150624102',112.00,-111.00,1.00,1992,11778,2,2,NULL,22871,1,'0',NULL,224,NULL,'2015-06-24 09:52:53','2015-06-24 09:52:53','2015-06-24 01:52:53',NULL,'压力测试',NULL,NULL),(230,3,'B01981150624102',112.00,-111.00,1.00,1992,11778,2,2,NULL,22867,1,'0',NULL,224,NULL,'2015-06-24 09:52:53','2015-06-24 09:52:53','2015-06-24 01:52:53',NULL,'压力测试',NULL,NULL),(231,3,'B01981150624102',112.00,-111.00,1.00,1992,11778,2,2,NULL,22869,1,'0',NULL,224,NULL,'2015-06-24 09:52:53','2015-06-24 09:52:53','2015-06-24 01:52:53',NULL,'压力测试',NULL,NULL),(232,3,'B01981150624102',112.00,-111.00,1.00,1992,11778,2,2,NULL,22868,1,'0',NULL,224,NULL,'2015-06-24 09:52:53','2015-06-24 09:52:53','2015-06-24 01:52:53',NULL,'压力测试',NULL,NULL),(233,3,'B01981150624102',112.00,-111.00,1.00,1992,11778,2,2,NULL,22870,1,'0',NULL,224,NULL,'2015-06-24 09:52:53','2015-06-24 09:52:53','2015-06-24 01:52:53',NULL,'压力测试',NULL,NULL),(234,3,'B01981150624102',112.00,-111.00,1.00,1992,11778,2,2,NULL,22866,1,'0',NULL,224,NULL,'2015-06-24 09:52:53','2015-06-24 09:52:53','2015-06-24 01:52:53',NULL,'压力测试',NULL,NULL),(235,3,'B01981150624102',112.00,-111.00,1.00,1992,11778,2,2,NULL,22880,1,'0',NULL,224,NULL,'2015-06-24 09:52:53','2015-06-24 09:52:53','2015-06-24 01:52:53',NULL,'压力测试',NULL,NULL),(236,3,'B01981150624102',112.00,-111.00,1.00,1992,11778,2,2,NULL,22876,1,'0',NULL,224,NULL,'2015-06-24 09:52:53','2015-06-24 09:52:53','2015-06-24 01:52:53',NULL,'压力测试',NULL,NULL),(237,3,'B01981150624102',112.00,-111.00,1.00,1992,11778,2,2,NULL,22875,1,'0',NULL,224,NULL,'2015-06-24 09:52:53','2015-06-24 09:52:53','2015-06-24 01:52:53',NULL,'压力测试',NULL,NULL),(238,3,'B01981150624102',112.00,-111.00,1.00,1992,11778,2,2,NULL,22879,1,'0',NULL,224,NULL,'2015-06-24 09:52:53','2015-06-24 09:52:53','2015-06-24 01:52:53',NULL,'压力测试',NULL,NULL),(239,3,'B01981150624102',112.00,-111.00,1.00,1992,11778,2,2,NULL,22881,1,'0',NULL,224,NULL,'2015-06-24 09:52:53','2015-06-24 09:52:53','2015-06-24 01:52:53',NULL,'压力测试',NULL,NULL),(240,3,'B01981150624102',112.00,-111.00,1.00,1992,11778,2,2,NULL,22878,1,'0',NULL,224,NULL,'2015-06-24 09:52:53','2015-06-24 09:52:53','2015-06-24 01:52:53',NULL,'压力测试',NULL,NULL),(241,3,'B01981150624102',112.00,-111.00,1.00,1992,11778,2,2,NULL,22872,1,'0',NULL,224,NULL,'2015-06-24 09:52:53','2015-06-24 09:52:53','2015-06-24 01:52:53',NULL,'压力测试',NULL,NULL),(242,3,'B01981150624102',112.00,-111.00,1.00,1992,11778,2,2,NULL,22874,1,'0',NULL,224,NULL,'2015-06-24 09:52:53','2015-06-24 09:52:53','2015-06-24 01:52:53',NULL,'压力测试',NULL,NULL),(243,3,'B01981150624102',112.00,-111.00,1.00,1992,11778,2,2,NULL,22873,1,'0',NULL,224,NULL,'2015-06-24 09:52:53','2015-06-24 09:52:53','2015-06-24 01:52:53',NULL,'压力测试',NULL,NULL),(244,3,'B01981150624102',112.00,-111.00,1.00,1992,11778,2,2,NULL,22877,1,'0',NULL,224,NULL,'2015-06-24 09:52:53','2015-06-24 09:52:53','2015-06-24 01:52:53',NULL,'压力测试',NULL,NULL),(245,1,'B01981150624122',-887.00,666.00,-221.00,1992,1,2,1,'',NULL,1,'0',NULL,0,NULL,'2015-06-24 10:32:07','2015-06-24 10:32:07','2015-06-24 02:32:07',NULL,'陈海龙',NULL,NULL),(246,3,'B01981150624123',-221.00,-666.00,-887.00,1992,11778,2,2,NULL,22882,1,'0',NULL,245,NULL,'2015-06-24 10:34:22','2015-06-24 10:34:22','2015-06-24 02:34:22',NULL,'压力测试',NULL,NULL),(247,3,'B01981150624123',-221.00,-666.00,-887.00,1992,11778,2,2,NULL,22884,1,'0',NULL,245,NULL,'2015-06-24 10:34:22','2015-06-24 10:34:22','2015-06-24 02:34:22',NULL,'压力测试',NULL,NULL),(248,3,'B01981150624123',-887.00,-666.00,-1553.00,1992,11778,2,2,NULL,22883,1,'0',NULL,245,NULL,'2015-06-24 10:34:22','2015-06-24 10:34:22','2015-06-24 02:34:22',NULL,'压力测试',NULL,NULL),(249,3,'B01981150624123',-1553.00,-666.00,-2219.00,1992,11778,2,2,NULL,22885,1,'0',NULL,245,NULL,'2015-06-24 10:34:22','2015-06-24 10:34:22','2015-06-24 02:34:22',NULL,'压力测试',NULL,NULL),(250,1,'B01981150624127',-2219.00,119.00,-2100.00,1992,1,2,1,'',NULL,1,'0',NULL,0,NULL,'2015-06-24 10:46:29','2015-06-24 10:46:29','2015-06-24 02:46:29',NULL,'陈海龙',NULL,NULL),(251,3,'B01981150624128',-2100.00,-119.00,-2219.00,1992,11778,2,2,NULL,22886,1,'0',NULL,250,NULL,'2015-06-24 10:51:21','2015-06-24 10:51:21','2015-06-24 02:51:21',NULL,'压力测试',NULL,NULL),(252,1,'B01981150624129',-2219.00,666.00,-1553.00,1992,1,2,1,'',NULL,1,'0',NULL,0,NULL,'2015-06-24 11:10:06','2015-06-24 11:10:06','2015-06-24 03:10:06',NULL,'陈海龙',NULL,NULL),(253,3,'B01981150624130',-1553.00,-666.00,-2219.00,1992,11778,2,2,NULL,22888,1,'0',NULL,252,NULL,'2015-06-24 11:14:33','2015-06-24 11:14:33','2015-06-24 03:14:33',NULL,'压力测试',NULL,NULL),(254,3,'B01993150624101',3.00,-3.00,0.00,1993,1,2,2,NULL,22890,1,'0',NULL,184,NULL,'2015-06-24 15:46:13','2015-06-24 15:46:13','2015-06-24 07:46:13',NULL,'陈海龙',NULL,NULL),(255,1,'B00001150624107',-61986.00,666.00,-61320.00,1929,1,2,1,'',NULL,1,'0',NULL,0,NULL,'2015-06-24 15:54:24','2015-06-24 15:54:24','2015-06-24 07:54:24',NULL,'陈海龙',NULL,NULL),(256,3,'B00001150624108',-61320.00,-666.00,-61986.00,1929,1,2,2,NULL,22894,1,'0',NULL,255,NULL,'2015-06-24 15:55:57','2015-06-24 15:55:57','2015-06-24 07:55:57',NULL,'压力测试',NULL,NULL),(257,1,'B00001150624109',-61986.00,111.00,-61875.00,1929,1,2,1,'',NULL,0,'0',NULL,0,NULL,'2015-06-24 15:59:46','2015-06-24 15:59:46','2015-06-24 07:59:46',NULL,'陈海龙',NULL,NULL),(258,1,'B00004150629101',-34088.11,11.00,-34077.11,1932,1,2,1,'',NULL,0,'0',NULL,0,NULL,'2015-06-29 09:28:00','2015-06-29 09:28:00','2015-06-29 01:28:00',NULL,'陈海龙',NULL,NULL),(259,1,'B00006150629101',0.00,1000.00,1000.00,1934,1,2,1,'123阿斯达',NULL,0,'0',NULL,0,NULL,'2015-06-29 14:26:52','2015-06-29 14:26:52','2015-06-29 06:26:52',NULL,'陈海龙',NULL,NULL),(260,1,'B00006150629102',1000.00,20000.00,21000.00,1934,11785,2,1,'切切为收到',NULL,0,'0',NULL,0,NULL,'2015-06-29 14:36:27','2015-06-29 14:36:27','2015-06-29 06:39:37',NULL,'杨书华',NULL,NULL),(261,1,'B00006150629103',1000.00,100000.00,101000.00,1934,11785,2,1,'ceshi',NULL,0,'0',NULL,0,NULL,'2015-06-29 14:38:21','2015-06-29 14:38:21','2015-06-30 01:47:18',NULL,'杨书华',NULL,NULL),(262,1,'B00001150629101',-61875.00,312.00,-61563.00,1929,1,2,1,'',NULL,0,'0',NULL,0,NULL,'2015-06-29 17:09:31','2015-06-29 17:09:31','2015-06-29 09:09:31',NULL,'陈海龙',NULL,NULL),(263,1,'B00003150629101',-3929486.00,312.00,-3929174.00,1931,1,2,1,'',NULL,0,'0',NULL,0,NULL,'2015-06-29 17:09:41','2015-06-29 17:09:41','2015-06-29 09:09:41',NULL,'陈海龙',NULL,NULL),(264,1,'B00001150629102',-61563.00,32.00,-61531.00,1929,1,2,1,'',NULL,0,'0',NULL,0,NULL,'2015-06-29 17:10:06','2015-06-29 17:10:06','2015-06-29 09:10:06',NULL,'陈海龙',NULL,NULL),(265,1,'B00005150629101',-217026.66,3111.00,-213915.66,1933,1,2,1,'',NULL,0,'0',NULL,0,NULL,'2015-06-29 17:10:17','2015-06-29 17:10:17','2015-06-29 09:10:17',NULL,'陈海龙',NULL,NULL),(266,1,'B00005150629102',-213915.66,111.00,-213804.66,1933,1,2,1,'',NULL,0,'0',NULL,0,NULL,'2015-06-29 17:21:28','2015-06-29 17:21:28','2015-06-29 09:21:28',NULL,'陈海龙',NULL,NULL),(267,1,'B00005150629103',-213804.66,222.00,-213582.66,1933,1,2,1,'',NULL,0,'0',NULL,0,NULL,'2015-06-29 17:21:35','2015-06-29 17:21:35','2015-06-29 09:21:35',NULL,'陈海龙',NULL,NULL),(268,1,'B00001150629103',-61531.00,1.00,-61530.00,1929,1,2,1,'',NULL,0,'0',NULL,0,NULL,'2015-06-29 17:51:32','2015-06-29 17:51:32','2015-06-29 09:51:32',NULL,'陈海龙',NULL,NULL),(269,1,'B00001150629104',-61530.00,99999999.00,99938469.00,1929,1,2,1,'',NULL,0,'0',NULL,0,NULL,'2015-06-29 17:57:53','2015-06-29 17:57:53','2015-06-29 09:57:53',NULL,'陈海龙',NULL,NULL),(270,1,'B00008150629101',-101563.87,89999999.00,89898435.13,1936,1,2,1,'',NULL,0,'0',NULL,0,NULL,'2015-06-29 17:58:24','2015-06-29 17:58:24','2015-06-29 09:58:24',NULL,'陈海龙',NULL,NULL),(271,1,'B00008150629102',89898435.13,99.00,89898534.13,1936,1,2,1,'',NULL,0,'0',NULL,0,NULL,'2015-06-29 18:04:46','2015-06-29 18:04:46','2015-06-29 10:04:46',NULL,'陈海龙',NULL,NULL),(272,1,'B00003150630101',-3929174.00,11.00,-3929163.00,1931,1,2,1,'',NULL,0,'0',NULL,0,NULL,'2015-06-30 09:36:13','2015-06-30 09:36:13','2015-06-30 01:36:13',NULL,'陈海龙',NULL,NULL),(273,1,'B00004150630101',-34077.11,1.32,-34075.79,1932,11785,2,1,'ewwq',NULL,1,'0',NULL,0,NULL,'2015-06-30 10:14:22','2015-06-30 10:14:22','2015-06-30 02:14:22',NULL,'杨书华',NULL,NULL),(274,1,'B00007150630101',-57638.59,12.00,-57626.59,1935,11785,2,1,'asdfasdf',NULL,0,'0',NULL,0,NULL,'2015-06-30 10:14:39','2015-06-30 10:14:39','2015-06-30 02:14:39',NULL,'杨书华',NULL,NULL),(275,1,'B00007150630102',-57626.59,34.00,-57592.59,1935,11785,2,1,'sdf',NULL,0,'0',NULL,0,NULL,'2015-06-30 10:14:49','2015-06-30 10:14:49','2015-06-30 02:14:49',NULL,'杨书华',NULL,NULL),(276,1,'B00001150630101',99938469.00,12.00,99938481.00,1929,11785,2,1,'sadfsadf',NULL,0,'0',NULL,0,NULL,'2015-06-30 10:15:39','2015-06-30 10:15:39','2015-07-09 07:45:54',NULL,'杨书华',NULL,NULL),(277,1,'B00001150630102',99938469.00,14.00,99938483.00,1929,11785,2,1,'asfasdf',NULL,0,'0',NULL,0,NULL,'2015-06-30 10:17:26','2015-06-30 10:17:26','2015-07-09 07:46:03',NULL,'杨书华',NULL,NULL),(278,1,'B00001150630103',99938469.00,34.00,99938503.00,1929,11785,2,1,'sadfasdf',NULL,0,'0',NULL,0,NULL,'2015-06-30 10:17:34','2015-06-30 10:17:34','2015-06-30 03:37:06',NULL,'杨书华',NULL,NULL),(279,1,'B00001150630104',99938469.00,11.00,99938480.00,1929,1,2,1,'',NULL,0,'0',NULL,0,NULL,'2015-06-30 10:27:11','2015-06-30 10:27:11','2015-06-30 02:27:11',NULL,'陈海龙',NULL,NULL),(280,1,'B00001150630105',99938480.00,11.00,99938491.00,1929,1,2,1,'',NULL,1,'0',NULL,0,NULL,'2015-06-30 10:54:40','2015-06-30 10:54:40','2015-06-30 02:54:40',NULL,'陈海龙',NULL,NULL),(281,1,'B00001150630106',99938491.00,12.00,99938503.00,1929,1,2,1,'',NULL,1,'0',NULL,0,NULL,'2015-06-30 11:06:30','2015-06-30 11:06:30','2015-06-30 03:06:30',NULL,'陈海龙',NULL,NULL),(282,3,'B00001150630107',99938503.00,-12.00,99938491.00,1929,1,2,2,NULL,NULL,1,'建行银行','32132131',281,NULL,'2015-06-30 11:10:04','2015-06-30 11:10:04','2015-06-30 03:10:04',NULL,'陈海龙',NULL,NULL),(283,3,'B00001150630108',99938491.00,-11.00,99938480.00,1929,1,2,2,NULL,NULL,1,'建行银行','123456',280,NULL,'2015-06-30 11:10:42','2015-06-30 11:10:42','2015-06-30 03:10:42',NULL,'陈海龙',NULL,NULL),(284,1,'B00003150630102',-3929163.00,312.00,-3928851.00,1931,1,2,1,'',NULL,0,'0',NULL,0,NULL,'2015-06-30 11:19:31','2015-06-30 11:19:31','2015-06-30 03:19:31',NULL,'陈海龙',NULL,NULL),(285,1,'B00002150630101',-2897990.72,111.00,-2897879.72,1930,1,2,1,'',NULL,0,'0',NULL,0,NULL,'2015-06-30 11:28:31','2015-06-30 11:28:31','2015-06-30 03:28:31',NULL,'陈海龙',NULL,NULL),(286,1,'B00001150630109',99938514.00,12.00,99938526.00,1929,1,2,1,'',NULL,0,'0',NULL,0,NULL,'2015-06-30 11:57:39','2015-06-30 11:57:39','2015-06-30 03:57:39',NULL,'陈海龙',NULL,NULL),(287,1,'B00002150630102',-2897879.72,11.00,-2897868.72,1930,1,2,1,'',NULL,0,'0',NULL,0,NULL,'2015-06-30 13:48:25','2015-06-30 13:48:25','2015-06-30 05:48:25',NULL,'陈海龙',NULL,NULL),(288,1,'B00001150702101',99938526.00,321312.00,100259838.00,1929,1,2,1,'3213',NULL,0,'0',NULL,0,NULL,'2015-07-02 15:54:08','2015-07-02 15:54:08','2015-07-02 07:54:08',NULL,'陈海龙',NULL,NULL),(289,1,'B00003150703101',-3928851.00,1.00,-3928850.00,1931,1,2,1,'',NULL,0,'0',NULL,0,NULL,'2015-07-03 10:05:00','2015-07-03 10:05:00','2015-07-03 02:05:00',NULL,'陈海龙',NULL,NULL),(290,1,'B00002150709101',-2897868.72,431.00,-2897437.72,1930,1,2,1,'',NULL,0,'0',NULL,0,NULL,'2015-07-09 15:34:31','2015-07-09 15:34:31','2015-07-09 07:34:31',NULL,'陈海龙',NULL,NULL),(291,3,'B00004150709101',-34075.79,-1.32,-34077.11,1932,1,2,2,NULL,NULL,1,'支付宝（XXX@alipay.com）','312312312312312',273,NULL,'2015-07-09 15:46:23','2015-07-09 15:46:23','2015-07-09 07:46:23',NULL,'陈海龙',NULL,NULL);
/*!40000 ALTER TABLE `credit_records` ENABLE KEYS */;
UNLOCK TABLES;

--
-- Table structure for table `flow_node`
--

DROP TABLE IF EXISTS `flow_node`;
/*!40101 SET @saved_cs_client     = @@character_set_client */;
/*!40101 SET character_set_client = utf8 */;
CREATE TABLE `flow_node` (
  `id` int(11) NOT NULL AUTO_INCREMENT,
  `jobs_id` int(11) NOT NULL COMMENT '岗位id',
  `model_id` int(11) NOT NULL,
  `node_type` tinyint(4) NOT NULL DEFAULT '1' COMMENT '节点类型类型 0开始节点 1.任务节点 2.判断节点 3.结束 ',
  `flow_test` varchar(100) DEFAULT NULL COMMENT '判断json 正则判断',
  `next_sort` int(11) NOT NULL COMMENT '下一个节点排序',
  `sort` int(11) NOT NULL COMMENT '节点排序',
  `name` varchar(10) NOT NULL COMMENT '审批流节点名称',
  `description` varchar(200) NOT NULL COMMENT '审批流节点描述',
  `create_time` timestamp NOT NULL DEFAULT CURRENT_TIMESTAMP ON UPDATE CURRENT_TIMESTAMP,
  `update_time` timestamp NOT NULL DEFAULT '0000-00-00 00:00:00',
  PRIMARY KEY (`id`)
) ENGINE=InnoDB AUTO_INCREMENT=19 DEFAULT CHARSET=utf8 COMMENT='审批流节点';
/*!40101 SET character_set_client = @saved_cs_client */;

--
-- Dumping data for table `flow_node`
--

LOCK TABLES `flow_node` WRITE;
/*!40000 ALTER TABLE `flow_node` DISABLE KEYS */;
INSERT INTO `flow_node` VALUES (5,1,5,1,NULL,2,1,'财务组长','财务组长','2015-07-15 02:45:41','0000-00-00 00:00:00'),(6,2,5,1,NULL,3,2,'财务经理审批','财务经理审批','2015-07-15 02:46:27','0000-00-00 00:00:00'),(7,3,5,1,NULL,4,3,'财务主管审批','财务主管审批','2015-07-15 02:47:06','0000-00-00 00:00:00'),(10,4,5,1,NULL,5,4,'CFO审批','CFO审批','2015-07-15 02:48:56','0000-00-00 00:00:00'),(11,7,5,1,NULL,6,5,'总裁审批','总裁审批','2015-07-15 02:53:05','0000-00-00 00:00:00'),(12,0,5,3,NULL,0,6,'借款审批结束','借款审批结束','2015-07-15 02:52:53','0000-00-00 00:00:00'),(13,1,6,1,NULL,2,1,'财务组长','财务组长','2015-07-16 04:00:59','0000-00-00 00:00:00'),(14,2,6,1,NULL,3,2,'财务经理','财务经理','2015-07-16 05:32:48','0000-00-00 00:00:00'),(15,0,6,2,'[{\"target\":4,\"test\":[0,200000]},{\"target\":5,\"test\":[200000,-1]}]',0,3,'判断','大于200000需要财务主管审批','2015-07-16 06:59:36','0000-00-00 00:00:00'),(16,0,6,3,NULL,0,4,'结束','','2015-07-16 06:27:45','0000-00-00 00:00:00'),(18,3,6,1,NULL,4,5,'财务主管审批','财务主管，三级','2015-07-16 06:32:58','0000-00-00 00:00:00');
/*!40000 ALTER TABLE `flow_node` ENABLE KEYS */;
UNLOCK TABLES;

--
-- Table structure for table `jobs`
--

DROP TABLE IF EXISTS `jobs`;
/*!40101 SET @saved_cs_client     = @@character_set_client */;
/*!40101 SET character_set_client = utf8 */;
CREATE TABLE `jobs` (
  `id` tinyint(4) NOT NULL AUTO_INCREMENT,
  `name` varchar(10) NOT NULL COMMENT '岗位名',
  `system_id` tinyint COMMENT '系统id' ,
  `description` varchar(50) DEFAULT NULL COMMENT '岗位描述',
  `status` tinyint(4) NOT NULL DEFAULT '0' COMMENT '0 可用 1不可用',
  `create_time` timestamp NOT NULL DEFAULT CURRENT_TIMESTAMP ON UPDATE CURRENT_TIMESTAMP,
  `update_time` timestamp NOT NULL DEFAULT '0000-00-00 00:00:00',
  PRIMARY KEY (`id`)
) ENGINE=InnoDB AUTO_INCREMENT=8 DEFAULT CHARSET=utf8 COMMENT='岗位';
/*!40101 SET character_set_client = @saved_cs_client */;

--
-- Dumping data for table `jobs`
--

LOCK TABLES `jobs` WRITE;
/*!40000 ALTER TABLE `jobs` DISABLE KEYS */;
INSERT INTO `jobs`(id,name,description,status,create_time,update_time)  VALUES (1,'财务组长','财务组长，一级',0,'2015-07-14 05:42:50','0000-00-00 00:00:00'),(2,'财务经理','财务经理，二级',0,'2015-07-14 05:44:02','0000-00-00 00:00:00'),(3,'财务主管','财务主管，三级',0,'2015-07-14 05:48:17','0000-00-00 00:00:00'),(4,'CFO','首席财务官，最高级',0,'2015-07-14 05:49:33','0000-00-00 00:00:00'),(5,'审批1','审批1',0,'2015-07-14 05:51:37','0000-00-00 00:00:00'),(6,'审批2','审批2',0,'2015-07-14 05:51:42','0000-00-00 00:00:00'),(7,'总裁','总裁',0,'2015-07-15 02:49:55','0000-00-00 00:00:00');
/*!40000 ALTER TABLE `jobs` ENABLE KEYS */;
UNLOCK TABLES;

--
-- Table structure for table `jobs_user`
--

DROP TABLE IF EXISTS `jobs_user`;
/*!40101 SET @saved_cs_client     = @@character_set_client */;
/*!40101 SET character_set_client = utf8 */;
CREATE TABLE `jobs_user` (
  `id` int(11) NOT NULL AUTO_INCREMENT,
  `jobs_id` int(11) NOT NULL COMMENT '岗位id',
  `user_code` char(8) NOT NULL COMMENT '用户id',
  `user_name` varchar(20) NOT NULL COMMENT '用户名',
  `status` tinyint(4) NOT NULL DEFAULT '0' COMMENT '0 可用 1不可用',
  `create_time` timestamp NOT NULL DEFAULT CURRENT_TIMESTAMP ON UPDATE CURRENT_TIMESTAMP,
  `update_time` timestamp NOT NULL DEFAULT '0000-00-00 00:00:00',
  PRIMARY KEY (`id`)
) ENGINE=InnoDB AUTO_INCREMENT=16 DEFAULT CHARSET=utf8 COMMENT='岗位关联';
/*!40101 SET character_set_client = @saved_cs_client */;

--
-- Dumping data for table `jobs_user`
--

LOCK TABLES `jobs_user` WRITE;
/*!40000 ALTER TABLE `jobs_user` DISABLE KEYS */;
INSERT INTO `jobs_user` VALUES (8,1,'vz110','陈海龙',0,'2015-07-14 06:33:15','0000-00-00 00:00:00'),(9,1,'vzxt9999','系统',0,'2015-07-14 06:33:15','0000-00-00 00:00:00'),(10,5,'vzxt9999','系统',0,'2015-07-14 06:33:15','0000-00-00 00:00:00'),(11,6,'vzxt9999','系统',0,'2015-07-14 06:33:15','0000-00-00 00:00:00'),(12,4,'vz236','杨书华',0,'2015-07-14 06:33:15','0000-00-00 00:00:00'),(13,3,'v9','37740048@qq.com',0,'2015-07-14 06:33:15','0000-00-00 00:00:00'),(14,2,'12345','12345',0,'2015-07-14 06:33:15','0000-00-00 00:00:00'),(15,7,'vz110','陈海龙',0,'2015-07-16 02:59:03','0000-00-00 00:00:00');
/*!40000 ALTER TABLE `jobs_user` ENABLE KEYS */;
UNLOCK TABLES;


LOCK TABLES `user` WRITE;
/*!40000 ALTER TABLE `user` DISABLE KEYS */;
INSERT INTO `user` VALUES (1,'陈海龙','vz110','e10adc3949ba59abbe56e057f20f883e',1002,0,'2015-05-15',NULL,NULL,'2015-06-15 06:19:40',NULL,'13142543456','345678998@qq.com.cn',NULL,NULL),(9999,'系统','vzxt9999',NULL,1001,0,'2015-05-15',NULL,NULL,'2015-05-15 08:37:02',NULL,NULL,NULL,NULL,NULL),(11780,'321312','v7','96e79218965eb72c92a549dd5a330112',1003,0,'2015-06-23',NULL,NULL,'2015-06-23 03:17:47',NULL,'3131',NULL,'',NULL),(11781,'3213123','v12','96e79218965eb72c92a549dd5a330112',1002,0,'2015-06-23',NULL,NULL,'2015-06-23 03:33:07',NULL,'12312312',NULL,'',NULL),(11785,'杨书华','vz236','e10adc3949ba59abbe56e057f20f883e',1003,1,'2015-06-23',NULL,NULL,'2015-07-06 08:08:28',NULL,'18723101211',NULL,'手动账单专员',NULL),(11786,'阳离子','yangshuhua','96e79218965eb72c92a549dd5a330112',1004,0,'2015-06-24',NULL,NULL,'2015-06-24 01:22:18',NULL,'13124567890',NULL,'111111',NULL),(11787,'弱覆盖','v28734','0b4e7a0e5fe84ad35fb5f95b9ceeac79',1004,0,'2015-06-24',NULL,NULL,'2015-06-24 01:25:48',NULL,'18671728759',NULL,'aaaaaa',NULL),(11788,'37740048@qq.com','v9','96e79218965eb72c92a549dd5a330112',1003,1,'2015-06-24',NULL,NULL,'2015-06-24 05:49:39',NULL,'121',NULL,'',NULL),(11789,'yyyyy','ttttt','e10adc3949ba59abbe56e057f20f883e',1003,0,'2015-05-15',NULL,NULL,'2015-06-15 06:19:40',NULL,'13142543456','345678998@qq.com.cn',NULL,NULL),(11841,'123','121','e10adc3949ba59abbe56e057f20f883e',1002,1,'2015-06-25',NULL,NULL,'2015-06-25 01:43:27',NULL,'312',NULL,'',NULL),(11842,'3123','v28733','e10adc3949ba59abbe56e057f20f883e',1003,0,'2015-06-25',NULL,NULL,'2015-06-25 01:45:45',NULL,'15071321086',NULL,'',NULL),(11843,'12345','12345','827ccb0eea8a706c4c34a16891f84e7b',1003,0,'2015-06-29',NULL,NULL,'2015-06-29 02:54:16',NULL,'1234567890',NULL,'',NULL),(11844,'11111111111111111111','111111111111111111111111111111111111111111111111','593c9b4a9390551d53e5cacf28ebd638',1003,0,'2015-06-29',NULL,NULL,'2015-06-29 02:54:42',NULL,'11111111111',NULL,'1111111111111111111111111111111111111111111111111',NULL),(11845,'1111111111','v13','593c9b4a9390551d53e5cacf28ebd638',1002,0,'2015-06-29',NULL,NULL,'2015-06-29 02:55:42',NULL,'11111111111',NULL,'1111111111111111111111111111111',NULL),(11847,'iiiii','iiiii','d0dcbf0d12a6b1e7fbfa2ce5848f3eff',1004,0,'2015-07-06',NULL,NULL,'2015-07-06 01:34:54',NULL,'13145678909',NULL,'ff',NULL),(11848,'eee','eee','3890202c26e3a51e8743290bb3108def',1003,1,'2015-07-06',NULL,NULL,'2015-07-06 08:17:49',NULL,'1234546657',NULL,'ggg',NULL);
/*!40000 ALTER TABLE `user` ENABLE KEYS */;
UNLOCK TABLES;

--
-- Table structure for table `workflow`
--

DROP TABLE IF EXISTS `workflow`;
/*!40101 SET @saved_cs_client     = @@character_set_client */;
/*!40101 SET character_set_client = utf8 */;
CREATE TABLE `workflow` (
  `id` int(11) NOT NULL AUTO_INCREMENT,
  `busy_type_id` tinyint(4) NOT NULL COMMENT '业务类型id',
  `busy_type_name` varchar(12) DEFAULT NULL COMMENT '业务类型',
  `name` varchar(10) NOT NULL COMMENT '审批工作名',
  `system_id` tinyint COMMENT '系统id' ,
  `model_id` tinyint(4) NOT NULL,
  `money` decimal(12,2) DEFAULT NULL COMMENT '申请金额',
  `description` varchar(50) DEFAULT NULL COMMENT '审批工作描述',
  `jobs_id` int(11) NOT NULL COMMENT '待审批岗位id',
  `workflow_node` int(11) NOT NULL COMMENT '下一个审批节点',
  `status` tinyint(4) NOT NULL DEFAULT '0' COMMENT '0 未开始审批，可以编辑更改 1 正在审批，不可以编辑更改 2 审批结束，不可以编辑更改',
  `create_time` timestamp NOT NULL DEFAULT CURRENT_TIMESTAMP ON UPDATE CURRENT_TIMESTAMP,
  `update_time` timestamp NOT NULL DEFAULT '0000-00-00 00:00:00',
  PRIMARY KEY (`id`)
) ENGINE=InnoDB AUTO_INCREMENT=7 DEFAULT CHARSET=utf8 COMMENT='审批流';
/*!40101 SET character_set_client = @saved_cs_client */;

--
-- Dumping data for table `workflow`
--

LOCK TABLES `workflow` WRITE;
/*!40000 ALTER TABLE `workflow` DISABLE KEYS */;
INSERT INTO `workflow`(id,busy_type_id,busy_type_name,name,model_id,money,description,jobs_id,workflow_node,status,create_time,update_time) VALUES (5,0,'借款申请','借款申请',5,200011.00,'借款申请',0,0,2,'2015-07-16 02:59:31','2015-07-16 02:59:31'),(6,1,'提现申请','提现申请',6,999999999.11,'提现申请',1,13,0,'2015-07-16 07:10:16','2015-07-16 07:10:16');
/*!40000 ALTER TABLE `workflow` ENABLE KEYS */;
UNLOCK TABLES;

--
-- Table structure for table `workflow_model`
--

DROP TABLE IF EXISTS `workflow_model`;
/*!40101 SET @saved_cs_client     = @@character_set_client */;
/*!40101 SET character_set_client = utf8 */;
CREATE TABLE `workflow_model` (
  `id` tinyint(4) NOT NULL AUTO_INCREMENT,
  `busy_type_id` tinyint(4) NOT NULL COMMENT '业务类型id',
  `name` varchar(10) NOT NULL COMMENT '审批流节点名称',
  `description` varchar(200) NOT NULL COMMENT '审批流节点描述',
  `system_id` tinyint COMMENT '系统id' ,
  `model_text` text NOT NULL COMMENT '工作流模板',
  `status` tinyint(4) NOT NULL DEFAULT '0' COMMENT '0 可用 1不可用',
  `create_time` timestamp NOT NULL DEFAULT CURRENT_TIMESTAMP ON UPDATE CURRENT_TIMESTAMP,
  `update_time` timestamp NOT NULL DEFAULT '0000-00-00 00:00:00',
  PRIMARY KEY (`id`)
) ENGINE=InnoDB AUTO_INCREMENT=7 DEFAULT CHARSET=utf8 COMMENT='审批流模板';
/*!40101 SET character_set_client = @saved_cs_client */;

DROP TABLE IF EXISTS `xf9_system`;
CREATE TABLE `xf9_system` (
  `id` tinyint(4) NOT NULL AUTO_INCREMENT,
  `name` varchar(10) NOT NULL COMMENT '系统名称',
  	`user_code` varchar(10) not null comment '登录用户帐号',
  	`user_name` varchar(10) not null comment '用户名',
  	`user_pwd` varchar(32) not null comment '用户密码',
  `description` varchar(200) NOT NULL COMMENT '系统描述',
  `status` tinyint(4) NOT NULL DEFAULT '0' COMMENT '0 可用 1不可用',
  `create_time` timestamp NOT NULL DEFAULT CURRENT_TIMESTAMP ON UPDATE CURRENT_TIMESTAMP,
  `update_time` timestamp NOT NULL DEFAULT '0000-00-00 00:00:00',
  PRIMARY KEY (`id`)
) ENGINE=InnoDB AUTO_INCREMENT=5 DEFAULT CHARSET=utf8 COMMENT='系统名称';

--
-- Dumping data for table `workflow_model`
--

LOCK TABLES `workflow_model` WRITE;
/*!40000 ALTER TABLE `workflow_model` DISABLE KEYS */;
INSERT INTO `workflow_model`(id,busy_type_id,name,description,model_text,status,create_time,update_time) VALUES (5,0,'借款审批','借款审批','',0,'2015-07-14 07:49:17','0000-00-00 00:00:00'),(6,2,'提现审批','提现审批','',0,'2015-07-16 03:48:20','0000-00-00 00:00:00');
/*!40000 ALTER TABLE `workflow_model` ENABLE KEYS */;
UNLOCK TABLES;
/*!40103 SET TIME_ZONE=@OLD_TIME_ZONE */;

/*!40101 SET SQL_MODE=@OLD_SQL_MODE */;
/*!40014 SET FOREIGN_KEY_CHECKS=@OLD_FOREIGN_KEY_CHECKS */;
/*!40014 SET UNIQUE_CHECKS=@OLD_UNIQUE_CHECKS */;
/*!40101 SET CHARACTER_SET_CLIENT=@OLD_CHARACTER_SET_CLIENT */;
/*!40101 SET CHARACTER_SET_RESULTS=@OLD_CHARACTER_SET_RESULTS */;
/*!40101 SET COLLATION_CONNECTION=@OLD_COLLATION_CONNECTION */;
/*!40111 SET SQL_NOTES=@OLD_SQL_NOTES */;

-- Dump completed on 2015-07-17 18:14:37
